A,B,C,D,Target
-1.6347159064126533,0.12003978693190342,-0.9558696492057249,-0.6483281857104479,0
0.44527728412277456,-1.9861981131490953,0.21974396607168,1.8693509433147626,0
-1.8922247710555193,-1.0321714064274123,1.54176061148193,-0.17573229781770955,0
0.08157082856136788,-2.2162661263068477,-0.7189659924678521,2.0662817531241653,0
-1.298140160341676,-0.5473652081256671,-0.1741671912257412,-0.05644987357074635,0
0.47584818126906603,-2.539618991800052,0.028187097833157537,2.3916813082793635,0
-1.757825007491456,-0.8592129851840427,0.5215901743545415,-0.09929958175053075,0
-2.0387183169104555,1.008359010342864,0.6152613169694561,-1.8472692509018733,0
-1.6671357237328814,-0.8406538289558734,0.6707156878223496,-0.10092223408983524,0
-1.1751791878656188,-1.0421693777966072,-1.1241129724904453,0.5798514808020621,0
-0.38366913771586963,-1.5515542691942033,2.3025780913730722,0.795200333332802,0
0.28234041435942725,-1.9676170681706557,0.5381669085729284,1.7308977720279317,0
-1.2463367933880218,-0.7604616493410828,0.7201033403014343,0.0024673987041837465,0
-2.0856485267311955,-0.6989274588260899,0.6691494759718422,-0.40274222536935045,0
-1.606060763265353,-0.9941764963864087,1.4227144514834726,-0.06601349775890403,0
-1.7579171688469657,-0.24533285631915314,-1.5712439530976128,-0.2845599072976531,0
1.6277253340647566,-0.6596966535937215,1.2457946686069208,1.0633622465634545,1
-1.0478944974821307,-0.883446046831974,-1.4919368993102706,0.5580952239250053,0
-0.2432167420946676,-2.112254223954658,-1.317328407128208,1.935540734833557,0
-0.5536096858140307,-1.673279214542018,-1.0252194038127347,1.3752455746584884,0
-2.2599435217446926,0.029858264575895577,-2.4596014544064615,-0.5914184392073225,0
-1.7727533114519756,0.7108360928802411,0.11453418029735052,-1.3937910385777883,0
-1.0497844658580264,-0.29113662477737223,0.503220788636604,-0.2824729084692582,0
-1.6055898032801208,-1.2147012590153674,1.709026944373489,0.0773775703124078,0
-1.4478203821327589,-1.4526933015164207,-2.872186250317415,1.1049213772524173,0
1.239649426667874,2.3140503532007073,2.3624337482351905,-1.8538297486399002,1
-1.5142587671113863,-0.6531013116714501,0.5048608760035539,-0.16982633751324264,0
1.2880365195944448,-0.575007014191558,1.2007559000356962,0.8517844779353783,1
-0.6883528256233014,-1.6802913646964837,-1.6627486673526728,1.4284040926487591,0
-0.41853873100466077,-1.750008934969567,-0.8504139152038055,1.4707002650547245,0
-0.5933816076768068,-1.1560310098004314,1.2205264208368656,0.5419288155132529,0
0.20278802623484293,-1.043860673040802,0.7511300798336626,0.8643683961749971,0
-0.2637340531007698,-1.362863183281188,1.7247812006311467,0.7789976402797387,0
-0.8666557262304035,-0.8955569250427464,-0.5185583198123258,0.4861089865218416,0
-0.7178379171934972,-1.0223462789695403,0.6553966098333095,0.46614851503637433,0
-1.6458695393345253,-0.47449730643852694,-1.2989931290618975,-0.0834735431808768,0
-1.3258586766727933,-0.4524559390581725,-1.3777874766237668,0.04792408578682502,0
-0.5109787499204217,-1.1886494152204938,1.5296462291775592,0.5545727741440731,0
-0.47062247527324996,-0.9951356023828902,0.6213438450918939,0.5544509898273094,0
-1.3815330797708676,-0.2707759639154479,-0.6163343604072021,-0.25818170247848166,0
-0.5682875844599927,-1.2696785311744814,1.5650252783820702,0.5940686839965059,0
-2.4808810946192303,0.06805532836012507,-1.9173740599902953,-0.8085668463800776,0
-0.8980443372844997,-0.9772947105720806,0.5819810152004774,0.36195376174859634,0
-0.044606481931012354,-1.3501737500153799,1.6128506204177788,0.8805932915072779,0
-1.5656163378340429,0.08177332091330092,-0.6957192397369096,-0.6284596455217699,0
1.5515241120637893,1.3724619962684181,-0.5959197661475757,-0.42005320442706123,1
-0.7960733288589964,-1.1578704078712918,1.1312311100533297,0.4711628782519656,0
0.06424517480644654,-1.396288122714464,1.758092516304997,0.9432306614624434,0
-0.8564705720669399,-1.6685544508394035,2.963995242031567,0.5841988478778285,0
-2.158977863607223,-0.19066108607579457,-0.9212512687356977,-0.6110369600158111,0
0.4430434906317531,0.5087946516868243,2.516997330019575,-0.6633140243061266,1
-0.35532559714071044,-1.2671322670174674,1.4910126087746256,0.6955269456497226,0
0.7376009769700136,0.6728611011945386,0.9783654421560609,-0.4250448864708233,1
0.15612274410629534,-0.8401565444959308,0.0060709277186771216,0.7911944193158164,0
0.4796375467704943,-1.7889395275004292,2.403670943608943,1.3542366565987012,0
-2.4378547418143164,-0.2106400977904921,-0.6642272197552905,-0.7558956639270378,0
-0.14470002862883835,-1.1856129351995555,1.176151930675221,0.7674795970790724,0
-1.2195155155772608,-0.4001694903442857,0.22463623666323174,-0.2153939328046576,0
-1.6403498672992582,0.5246637732405284,0.2042870793719389,-1.1910169827486545,0
-0.7060296364257725,-1.13911708353898,1.031836308229906,0.5100182022098672,0
-1.1461094722524545,-0.7400682251586311,0.31941362271104135,0.09389412034609047,0
0.36415327605858616,-0.8506204664830513,0.017832371180970474,0.8876395876383736,0
-1.398947260085467,-0.9661975102827548,-2.6091716722757545,0.6627090656527758,0
-0.9312411647043898,-0.8198904350917993,-0.8116718416042794,0.44132727211921274,0
0.07774682527380583,-2.5913088409976517,-0.7086392178230079,2.3866378774802888,0
0.26316958138876223,-1.5429715833528475,0.5120104615622996,1.3604597177789697,0
-0.988626495200021,-0.8814484235480786,0.5474079015771853,0.24601630438941471,0
-1.609485573443614,-0.4983011498477903,-1.2814501919345163,-0.050190041141548666,0
-0.8228349936328208,-0.6906911787028123,0.15841467998054348,0.216636396441948,0
-0.4999204608353873,-1.038800743256245,0.7942078181822039,0.5510898361679607,0
-0.2633800043832899,-1.1173534449922344,0.8451370073593807,0.7120979717138721,0
-1.362538559877212,-1.6916714499501064,3.3895987356398942,0.3167091634759262,0
0.21395403538559088,-2.5861604547625774,-1.0695678359150418,2.5001288741206302,0
-0.9547154174395052,-0.8321733618865634,0.6498379319345267,0.20118532914767742,0
-0.20599117661255162,-1.4723444154838938,0.2059680470843368,1.1483886359815558,0
-0.9447456825303951,-0.8925530322620789,0.6185764586330361,0.262728736495426,0
-2.206171258258826,-0.04298395753039963,-2.42355279876411,-0.5113888319400007,0
-0.7234755705633834,-0.6334580981039009,0.11367659104023775,0.21728094220772962,0
-2.481834908338079,0.11526009387483271,-2.8363086863403066,-0.6984016091413885,0
-2.3918388302546205,0.6631031462359616,-1.157083864144863,-1.4091017951129745,0
-1.6569160280230006,0.35104878856824784,-0.39402571386132923,-0.9497635417934942,0
-1.717042078969453,-1.0161363631024343,1.6961599731792512,-0.13975434157911726,0
-0.32389772600644917,-1.408058564730445,0.24853215174814935,1.035253079575695,0
-0.8384387083404616,-1.272373826418176,-0.197483077392419,0.7705885285621763,0
0.3984285419624598,-1.4962822494371866,1.6454146355260373,1.1916236646475988,0
-1.0285476840987464,-0.9728560844307522,0.8410135713849072,0.25941688784930395,0
0.39415030288300335,-1.699288462946443,2.3665256008445166,1.246258147812609,0
-0.887292868773089,-0.901215104063293,1.0193447996694749,0.22888839981940737,0
-0.9780123683934284,-0.8171014882667313,-0.38385507555079446,0.34838471698988266,0
-0.2932659409787377,-1.3925573202157528,1.5378615419355957,0.8227217977106431,0
-0.8298878137192485,-1.0253086246358512,0.8163235798059465,0.39407994630760185,0
-0.8901312454953288,-0.38680246562900755,-0.22864602713082383,-0.010818116277030883,0
-1.1439811499636525,-0.3952834642639893,-0.06362707448092153,-0.13970138368831106,0
-2.22327373842229,-0.11661268502960487,-0.8553748502412863,-0.7134111743708519,0
-0.38798831466962114,-0.9156920414941447,0.5867484292240519,0.5270719268415137,0
-2.3952894570372063,0.5926631115585765,-1.3540595101411097,-1.3173519383836279,0
-1.3372372930868524,-0.7016117006657203,-1.2058531801403345,0.22977127349565737,0
-1.9065150692257287,-0.8438610634345459,0.9304653438436487,-0.24374100946092775,0
-0.4575982074033196,-1.0517058223176736,-0.05582859559476916,0.720377986629547,0
-0.2447303787664704,-1.4746659690902484,-0.12940657271334588,1.1889784255684837,0
-0.4590493590966702,-0.8792510086791001,0.4871147462095642,0.48150480104711996,0
-0.4112868687107194,-1.7077458538316366,-0.8271043149132075,1.4334994615176737,0
-1.6688238336285943,-0.3793492246319532,-1.377435149126153,-0.1625380519506262,0
-0.8395485973584221,-0.9531133915149985,-0.47646082856792393,0.5404965842728946,0
-0.23114710540171146,-0.8094103470854732,0.31822496321334715,0.5469213070403728,0
-0.6498319577028946,-1.3258078157249833,-0.9265480805725728,1.0177674155988226,0
-1.3619812989855364,-1.1627676976777157,1.5368412087460226,0.16553834724569275,0
0.35580640602099844,-1.8355771248614485,2.504781483159694,1.3246537693127667,0
-1.522761081809143,-0.3783647201954845,-0.9867730885815641,-0.1649816299292618,0
-1.2287896620511602,-1.1831195665683232,1.436409801568597,0.25684834665171513,0
-1.3263151992050943,-0.5025623875972405,-0.20538021271218243,-0.10208078757885776,0
-0.42754529756719384,-1.5035096585210002,2.3744723304232274,0.7230494378068755,0
-0.14478037557934065,-1.7243949376115377,2.7138696531268076,0.9792575068004837,0
-1.5341338740963435,0.03984341402353153,-1.7845176117199144,-0.3994599745310624,0
-0.702072002904693,-0.7098064557926385,0.34896498707669865,0.2536261121979565,0
0.515924792419229,-1.1773528685908332,0.4447309121250733,1.164533210265725,0
-3.017801658094593,0.8879059984614048,-2.7468141337247074,-1.61020953194366,0
-0.5972408245921523,-1.2057748443973397,-0.6617741521999647,0.8931560370819787,0
0.24901369510749571,-0.9032520282229397,-0.08384988475802313,0.9003562476294247,0
-1.3769509173589884,-0.30513019707412325,-0.7273890773612848,-0.20827558920100128,0
0.18540616298320245,-1.2024068016721299,0.8720887888617026,0.9738260043307825,0
-0.7013652272996606,-1.567235869867948,-0.6490501789161016,1.1583154018260855,0
-0.9102666087876603,-0.4042915121023186,0.38231871713002596,-0.10497673226444156,0
1.2641259283601,1.4721459593875634,-0.01776802029996616,-0.724731686175426,1
-0.23337307274828967,-1.5973183590197713,-0.19934112736378995,1.3112334736191527,0
0.6840434676558707,-1.2209548447265137,0.6286390316722434,1.244090693127923,0
-1.4068965755287075,-0.4592345259485554,-0.456370436723442,-0.1327576965952944,0
-0.6376797888759065,-1.1431609401992209,1.2195363771460719,0.5119573375262026,0
-1.0494611553908086,-1.3866833853763398,-1.4449554640930131,0.9840297800839688,0
-2.39312765199673,-0.9108514138046584,1.4556774520385076,-0.48140957311138716,0
-0.2970056536555178,-1.4699283683805104,0.11815138165898298,1.121672453379455,0
-1.1507349380620056,-1.2544803881051596,-1.1874487226300499,0.7840251322633134,0
-1.7353812670258022,0.05708869605482292,-1.7138509731840488,-0.5124178291501643,0
-0.6659100516744131,-1.2178880645452885,1.3076586332025262,0.5498184278966499,0
-0.9725884015221001,-1.0606988720409933,1.046274784339299,0.3254692522783915,0
-2.7583620667265674,0.6894657668239002,-2.247862898936403,-1.4096652512626986,0
-1.0230236311191239,-0.5862853652169937,-0.20099622180970722,0.09972426027034724,0
-0.7904229346351762,-0.8686521559268221,0.29561765542645757,0.36156288023526856,0
-0.4129615082012643,-0.8772269163092036,0.591304714496687,0.48239629653320826,0
-0.2755801176363909,-1.6126277090396484,2.339209203263046,0.8883058074263153,0
-0.996326938846263,-0.7924848778952097,0.3026454395506404,0.20622861527372208,0
0.04038952725910727,-1.3866791040058946,1.6291607843391773,0.9459216428220698,0
-0.3022703091086293,-1.150834923568278,1.3199066546003595,0.6461137421398455,0
-1.7113215032961042,-0.4740206333031428,-1.148529199451378,-0.13677330144548364,0
-0.48470347538870673,-1.0725940334337953,0.43513774952909157,0.6459192242261812,0
-1.689718577907893,-0.3273459363410215,-1.5192353105457526,-0.19304680602694133,0
-1.1188746007973704,-1.0023469973403922,-1.0994008681374392,0.5655947657961409,0
-2.962631259149604,0.9026692108267125,-2.6788415584982244,-1.610448371942092,0
-2.312391735963523,-0.9874535333688094,1.5576292428556147,-0.397405742500551,0
-0.8611273591424529,-0.6348329035379563,-0.5343761561562937,0.26605744941351356,0
-0.9604314095852355,-1.0370651058119729,1.2232826230351392,0.28114530349055283,0
-0.8880244059719796,-1.055873688786461,1.3807846335882945,0.302543029571044,0
-0.663648658363934,-0.9854510599082793,0.8554917493825793,0.42463005870006193,0
0.018711095659278754,-1.0794995819426945,1.04994924462111,0.766860699183794,1
0.09103538817098511,-1.6507233627483502,1.5175382899018666,1.2139511632889157,0
-2.724574787470197,0.6178344309923696,-2.794835918458793,-1.2432605884888013,0
-0.5659717958654309,-1.806296515065489,-1.785268986386418,1.60989740999014,0
-1.624477061832713,0.4984326588504391,-0.409944941816502,-1.060416322560907,0
-1.7416628563886456,-0.5943935315915854,-1.4359034204930925,0.0014093940234038425,0
0.15516485814180725,-1.0996554945680723,0.37411758885788937,0.9541515353613707,0
0.6263068529593967,-1.8096925519245306,2.415246299324859,1.4332379336894137,0
-0.9079856168988419,-1.1011562166726654,1.2846973354394733,0.34887517934713663,0
-0.9153108505757186,-1.007523201025104,-0.8895484206360109,0.6229387422860033,0
-0.9367252989436792,-1.0911633984271147,-1.1243800952563359,0.724599669555373,0
1.0272562791225732,-1.2846107949400585,0.714188731633114,1.4323571100907528,1
0.09884156216036288,-2.023500248712077,0.11003307561215636,1.7708156244247613,0
-0.4673958671552074,-1.4105301373106234,1.9014795540504912,0.7035686489058314,0
-1.4875245046396968,-0.9896168333564921,1.2876189951911479,0.0032087905776471484,0
-0.8249854137963937,-1.1720249840562202,1.3467513072421653,0.4354728996138127,0
-0.35898691170011676,-1.659567047823653,0.3020020663117542,1.2284541110952671,0
0.030444025913062722,-1.54491483364391,0.865292518420471,1.2040062381148315,0
-1.0098240274020092,-0.5069192479384891,-0.8188412542930716,0.13863082786391287,0
-0.2805433643573819,-1.6907221791023355,0.1998747730575896,1.3058529880432552,0
-1.667700255103103,-0.7528281889976737,0.6038930210141209,-0.16596351255509542,0
-0.7211765927418938,-1.2797370302721556,1.7067598441066938,0.5137444693564676,0
1.6632033005839222,3.1207392418637605,2.238442451314118,-2.347745882000915,1
-1.0719463819702013,-0.7190294183321287,0.1427924922404582,0.13667257502336155,0
-1.201919327956582,-0.5906771364529835,0.2872025747957805,-0.05371182715225234,0
-2.063973001758184,-0.2840265056259248,-2.242659131337946,-0.2720571820315808,0
-3.196922811377905,0.4310377691633289,-4.058846348911113,-1.0767735781362193,0
-0.53001883253843,-1.2635861870040084,-0.0070665311809196,0.8641171500441347,0
-1.7505699984973364,-0.7689024295053616,-2.503299875061124,0.32396610347375354,0
0.5549732788113897,-1.2305229189595026,0.8147210586472218,1.166271012836237,0
0.21421521084496042,-1.8465245729015254,0.25795170723473326,1.6432646463273954,0
-1.278026464333393,-1.0947150202803129,-1.5956595236269993,0.6586776864138378,0
-1.5858115203135439,-0.6083457982078813,-1.5336018998738257,0.09647837145492895,0
0.014909824433250396,-0.6616529873031965,-0.19745813636783827,0.6099906048896474,0
-0.044132548472573974,-0.9519849303310195,0.03411399716300656,0.7970846971897922,0
-1.110198519590306,-0.910081380923468,0.7909875708110132,0.1784041110081849,0
0.3890276002403974,-2.3436822391421313,-0.26538698888598444,2.233620138951334,0
-0.9818453576991093,-1.3490845639842117,1.827327452224785,0.44178593348530765,0
-2.592230866225452,-0.607656166457827,0.24080683799392266,-0.6285653571810982,0
-0.8201416989337578,-0.7344261238161129,-0.1271292163447909,0.30256014932661446,0
-0.8718665715120877,-0.985675587752182,-0.43812766116708957,0.5484080350331384,0
-1.180337487273444,-0.5449134879110716,-0.6532610848409083,0.07092154805582201,0
-0.762740356256646,-0.42041897485975144,0.8673554235358001,-0.10756269992575533,0
-1.021022624373667,-1.0672110841058653,1.005693887932935,0.31696941474554086,0
2.4689831390783468,-1.4448802132830239,2.4552906461717265,1.9032163313975778,1
1.0906588334317506,-3.5501563718944302,-0.3577602297695348,3.5914928161340827,0
-2.33894777813106,-1.0619853310059306,1.8705477473033214,-0.3960104506220592,0
-0.21761483328830478,-1.1948988317765192,1.3986769377239359,0.7075345549335756,0
0.6258006070416566,-0.8662834645469855,-0.3509227441246654,1.0742589831950569,0
-1.839365699736312,-0.630886515767215,0.10381582084869156,-0.26259697729527465,0
-0.481316501426587,-1.0807046238505211,0.7821001656062345,0.5972412788764431,0
0.7601226156851537,-2.779412720761586,0.3842790841227255,2.6621085451078597,0
-3.1873899683703932,0.46351395403649387,-3.5756629997880935,-1.180273198774643,0
0.25061433973558844,-1.724511925505139,2.4859282866055548,1.1867172951171145,0
-1.2052101855132447,-0.9126986577407044,-1.6569620358409347,0.5429490375539849,0
-1.9199039445403707,-0.8685507023925064,1.1771767651078258,-0.2688069990650102,0
-1.96441536871945,-0.8080155867374744,1.3253926852538556,-0.36457887490462515,0
-0.9323775348457709,-1.3162628355417332,-1.1828218081855488,0.9303735467448772,0
-0.4808243468999118,-1.2068152591021881,1.4481612361919658,0.5966210197882778,0
0.4189884791672136,-1.7615358631825666,2.363300874531902,1.311182984900115,0
-0.13679059304638364,-1.477035342478596,1.9058968756561483,0.9022389802228816,0
-0.8933162680997521,-0.9210195274941169,0.7785465649014269,0.2830457744163071,0
-1.7655766164326174,0.16557418587760497,-0.44229043465629103,-0.8284034559345829,0
-1.9366051065684216,-0.9725452895616978,-3.287784369168261,0.5490047039506145,0
-1.2417268129860282,-0.7844863871072948,0.2586515851236798,0.10116856349459291,0
-1.1692705995962251,-1.3557916515886062,-1.9272680581740111,0.9853287008807651,0
0.4297317149826865,-1.7271128314749131,2.2836452182338194,1.2992033665389735,0
-1.0545256751150196,-1.09081190475826,1.411245891299696,0.2561688522743742,0
0.08076137965980679,-1.2937936816295474,1.0124384491999554,0.9846454991984795,0
-0.596283186542643,-0.7746760334724593,0.37206378461959544,0.351248389038188,0
-2.292099221355941,0.6643649148734143,-0.8940703402157799,-1.4106613980091147,0
-0.650569352914639,-1.2141897908963402,-0.7435003188936233,0.8909715390667525,0
0.20596177092618317,-1.0343232284483108,0.6172990282815729,0.8795372055764968,0
2.00119546283815,1.439880384137287,-2.2067119994724673,-0.019862434802020264,1
0.7191745373310678,-3.049384420748201,-0.2552827875036683,2.9828475075288394,0
0.7280097044082031,1.9079585185500818,2.922270862230447,-1.8152710100446892,1
-2.0067082061117856,-0.7000038016683181,0.44829163952637063,-0.3315400714995188,0
-1.0079311005284644,-1.0610023754372775,1.3202060642274587,0.2654441145392603,0
-1.154314678024661,-1.670809619662014,-2.3441119947608797,1.3322841174608675,0
-0.1267444971166516,-1.1983713659868975,-0.0751783964234517,0.9922549756993047,0
0.07457753175216153,-1.4301728615447349,1.8364911615848674,0.9640047719121102,0
0.10629211267558225,-1.4159039462231109,0.7853591934013162,1.138396609808665,0
-0.7813529541973633,-2.004634957413902,-2.3998058370335578,1.789768851376312,0
-0.9971742913232994,-0.6983597787761864,0.14828046951143814,0.1500440474261368,0
0.935981963928461,-1.615393538001185,1.8612353214618897,1.4897728963815793,0
-0.32240470163052337,-0.906421043061279,0.3602375312699917,0.5845373734654371,0
-0.45536568668339517,-1.2473901146731492,1.5189853236679043,0.6309134825158847,0
-2.3587775901039714,0.36265080739935707,-1.7827019376023117,-1.0325636032029617,0
0.9566617014556312,0.9288428963907722,-0.18622544830535048,-0.36012599224872943,1
-2.1877175635965793,1.058302118267505,0.1902694197052075,-1.8843895356631724,0
1.2222209490231175,-2.9595264587136594,1.0860759024150277,2.900476730802649,0
0.770134674432321,-1.7207352021721278,1.9573612708151105,1.4936320173817297,0
-1.8325883902512954,-0.7325265234719867,-2.2196675732468676,0.2106380562022766,0
-0.7162345519102827,-1.4220483908983765,1.938535443864741,0.6005303519754083,0
0.9685874423271972,-3.31939281629657,-0.23888423187833463,3.3203157017062397,0
0.6572205403502023,-1.230590722048249,0.7768223023348646,1.2164860393905175,0
-0.14398924351812925,-1.688094135476474,2.5773928933832293,0.9707391970009213,0
-0.3635238774429631,-1.4182310442199235,1.8092322005386592,0.770018998416945,0
-1.5330960523190846,-0.1506201720751006,-0.14018129589474793,-0.5053915720481654,0
-0.785195626430011,-0.7478932858264399,0.14424566003152506,0.28450699414251507,0
-0.3952037094481383,-2.215819542677597,-2.1477609152450334,2.0963924755801364,0
-0.3637877017645077,-1.9826390359557593,-1.4698187796222209,1.7969939470772234,0
-0.3472317547134016,-2.054231298838764,-0.8717470414077104,1.7674139662705044,0
-1.6461348837657515,-0.9720407544891843,-2.250270118716883,0.5024847740540698,0
-0.26094411349130786,-1.2972210357227834,0.17708326380220663,0.9783935008952473,0
-1.1869702551980894,-0.8478741763098809,0.5570566545299023,0.1302596357092257,0
-1.4823383963251069,-0.7070920512918046,-1.6122212802260973,0.23909449745689898,0
-1.9478412513375547,-0.7129697191978239,-3.1828821815644135,0.3028654418105911,0
-1.0352435409541374,-1.4894197032245478,2.332075939092225,0.4568592769602238,0
-1.4706740151085773,-0.9684930512687736,1.211563815149313,0.004737971963580987,0
0.4137404050075013,-0.8582462778732766,0.412756595472377,0.8504888197482579,1
-0.6479663936270399,-1.4942919596529118,-0.7386276919741405,1.1330430994369405,0
-0.6707797865586522,-1.2678889705554064,-0.6829035667223751,0.9186605134388515,0
-1.9456021929528022,-0.453391276636425,-0.14384887630696208,-0.4206402704309471,0
0.19006635024387708,-1.765674666580245,2.5552156970183892,1.1848297801277468,0
0.43557222412037655,-1.3601659947246731,1.1559698467020052,1.1706902229848195,0
0.545814819693577,-2.6528583448239673,0.22738256650587774,2.48666849835367,0
-0.5746363414440465,-1.233213166126983,1.4033218986606517,0.5864956777806556,0
0.11151390236901726,-2.556424750043644,-1.133169634056446,2.4409383601079777,0
-1.2742022514017448,-0.47547578289175485,-0.19693726360626385,-0.1044666257394745,0
-0.3128348431263912,-1.5561355489331157,0.029185889805466436,1.2039286447067212,0
-0.7172141013416362,-0.9344732366525217,0.393951706331795,0.43362439341266185,0
-0.17059194029105829,-2.3222133952661927,-1.1560087658454377,2.121385272427535,0
0.30874618229089323,-1.1219350847516436,0.8551900072553853,0.960128939733573,0
-0.8257354896559844,-1.297454748826196,1.8812372022836423,0.45539739469500895,0
-0.7285581425150968,-2.140874986645429,-2.1342894672524837,1.8863116940991609,0
-0.18609097130946128,-1.3657621025919098,1.5783542528650134,0.8389594483345632,0
-1.0377758474735193,-1.195271974416788,1.8792962616175664,0.2764504183837845,0
-0.6593181817658418,-1.088850933217552,1.1633798498909098,0.46503565930466606,0
-0.564490049720294,-1.5760008342283165,-1.0228787793300114,1.2862260837733122,0
-0.9010001449424337,-1.0347436397963052,-0.7630059673671099,0.6317419795286492,0
0.12649323990899375,-1.3732388152011412,1.4227991502650217,1.0052841970939037,0
-0.8883464804728366,-1.1417392499719294,-0.6248722172646306,0.7067786923838096,0
-0.5290415350517872,-1.1840182504831651,1.2768302298820622,0.5844477369288265,0
1.2943001779446006,2.800754879787083,2.319215928164094,-2.243314623289755,1
-1.1506401820483543,-2.2072622951833907,-3.276841030770562,1.950462923490042,0
-1.1545414286324749,-0.4035119361647852,-0.33072018587427143,-0.09315394941196792,0
-0.1753862437297694,-0.8020099745791215,0.18379899607769123,0.5866190951401982,0
-1.4911312979064306,-0.4596303112428177,-1.4557467556668953,-0.0040321506120435235,0
-1.4310355579874117,-1.39918222848972,2.2409978919886555,0.22397758776323187,0
-1.2938178409753562,-1.289870321445201,-2.1713339015450286,0.9151275523914422,0
-1.1611536335709445,-1.3953261909328758,2.1780707720942174,0.3469274579319966,0
-1.3509145466880748,-1.0184124621275135,1.2155964394103902,0.09859681060876639,0
-1.2516624030824586,-1.0341140806295346,1.1017668541228072,0.17352217283586976,0
0.03203705131171675,-1.2848320192926652,1.3232828620225887,0.9047977695540589,0
0.3535635927741767,-2.3571014350178716,-0.2218556266402718,2.2228020755073983,0
-1.3272493266491106,-0.990097284672683,-2.204873378429639,0.647557485298878,0
-0.6366277266446134,-0.8171080521423296,0.24515260050980026,0.3914411397028929,0
-2.5179430944715917,-0.5303919404898877,0.26045881758356015,-0.6665809689474935,0
-1.1450571542266388,-0.9752181532722268,-1.799640024243958,0.6462398935045293,0
-0.22877894780638053,-1.5031311777628207,-0.1702014044125122,1.227115487632171,0
-1.4209914820500127,-1.201997369553657,1.9405745391875144,0.10757102525236242,0
0.7247603765985882,1.034567694624401,1.447646975040604,-0.8200233586904353,1
-0.6682575294410198,-1.656789038884568,-1.520640091585601,1.393349865979573,0
0.4731008819896301,-1.0831182414003917,0.344878710817591,1.0812485020985005,0
-1.4087404054724666,-1.047786850255247,1.247228426109268,0.09390452015345639,0
-1.4941782458405808,-0.14083989919395767,-0.608536558859313,-0.41999527216331317,0
0.20761045959085034,-2.3923839071181003,-0.06520137632185119,2.1647708880315477,0
-1.3907163503518158,-0.99592417283148,1.3694812383726949,0.03675245738856818,0
-0.5542872234419571,-1.0394259051725419,0.06574958187901658,0.6482308420866302,0
-0.5922359961195296,-1.0111149012705152,1.0098338985065662,0.4520377977249057,0
-3.470470699631946,2.284361325425433,-1.4908654190837263,-3.216725241851989,0
0.9004152079571619,1.5930934144080173,1.2928421885534038,-1.2011504145144294,1
-1.0197103882173082,-0.7498603949848086,-0.7134631538244525,0.3267146640580319,0
0.3668012204709272,-2.8081735758346063,-0.49968078531252325,2.6635560397091353,0
0.34590959541302035,-0.3353249794389467,0.17466575093972037,0.40922761217157044,1
-0.8325414289938458,-1.9134916133635143,-1.3921898610231676,1.5231972275303036,0
-0.39767821813102666,-1.156926767622318,1.1292880780290129,0.6417816852309272,0
-1.565977665344107,-0.07252349755287824,-0.1855990128141266,-0.5794408552500532,0
-0.4068533312165833,-1.3016905709267805,1.9360849292255482,0.6299344045901195,0
-1.9124650855575354,-0.8815297986348423,0.9124055500117598,-0.21081089504682154,0
-1.280028635018241,-1.1934238311086753,1.4974957088430736,0.2336757008788622,0
-2.0821112695449244,0.40835351777724416,-0.6004858337547494,-1.1478503803662314,0
-1.1509362865137254,-0.639047951955597,-0.9061343048635383,0.20643655092139102,0
0.2527659592195064,-1.5669556855597397,2.0034095172994584,1.131109221400419,0
-2.327373406523097,-0.8003365667967894,1.223197460809666,-0.5102714060416078,0
-0.6454098979559886,-1.2129865287689163,1.3718903580449604,0.5438160854216051,0
-0.08398261630889436,-2.0609202344777344,0.6462560290147341,1.6362909042591451,1
2.1522471598320125,2.91766508856303,0.43862605456890325,-1.6660566400556072,1
1.2450745552396547,-1.251506532246416,1.2102848145231089,1.4156490661191203,1
0.7091889303112835,0.38117318843294035,0.9321634665159874,-0.177884578295968,1
-0.25244652043318705,-1.5990629392298916,-0.32772351310023895,1.325687263456331,0
-2.060236503456852,0.3589085262947942,-1.3307809436470794,-0.9755243169190705,0
-2.4856836577169457,0.7705780924870673,-1.6872116686893834,-1.4548762627948064,0
-1.7593886913348178,-1.1945650500207203,1.8545450050141552,-0.03002148188216949,0
-1.9271049228843131,-0.5349777825674633,-2.530805241903038,0.05077224456307075,0
0.5967691716181407,-0.08996894809212175,0.9108561569848841,0.18398133986969842,1
-0.7197124037609649,-1.3870679451427288,2.3534369314466446,0.5005248289205576,0
0.8680653344870709,-0.8684070218109916,0.6198549558145092,1.0202920226592047,1
-1.046675222885011,-0.7773752109347538,-1.0920096829375268,0.4012148495424291,0
-0.6419757957214007,-2.051683558888011,-2.2811975473319137,1.8707091059874499,0
-1.1536602941165461,-1.0012939650273216,0.8315723112836523,0.23177956561543292,0
-0.09520341703843105,-0.974403487182129,1.237656928440257,0.5963162502149666,0
-0.6011592913187642,-0.9586056446824868,-0.038835767718248926,0.5755647401619212,0
-1.6521704258020793,-0.45417669822382667,-1.7023871903946606,-0.03729322388674852,0
-0.5181291443044587,-0.8809563850649706,0.1658713162125568,0.5104994283036327,0
-0.10261257531413104,-1.1622265060112802,0.564382854706124,0.8661091999891019,0
0.08584950440855099,-2.795864372359121,-1.2559817700277562,2.6567984385133503,0
-2.175213621673185,0.49325096627894105,-0.9952892523538776,-1.1961026586230363,0
-1.8267039552571989,-0.46801766461247596,-0.48635129886653794,-0.300550169211972,0
0.5832940087256191,-2.037723022701151,1.070824573525814,1.8329570873101488,0
-1.8489701254446813,-0.5666777635321887,0.16467468687004094,-0.3321620435518144,0
0.013667042490176584,-1.3156571764354545,0.7521992061045555,1.017550961680794,0
-2.3781169217698146,0.3212499529785935,-1.7783013766109175,-1.0058615557176165,0
-1.0243682523690423,-1.236489478558605,-1.4129766562373884,0.8599092986918379,0
-2.2578799757071923,0.7336714332991261,-1.1885996534136605,-1.4072834347387009,0
-0.8437605227304462,-0.8345696246590075,0.3751541385525704,0.29614047954920736,0
-1.1039623943425363,-0.6460385294916279,-0.12004208191737664,0.1032030380074101,0
0.1741649057132113,-1.1469406974086291,0.5870369333869534,0.9680634175032947,0
-1.246206649129249,-0.6548476702859674,0.36451798578788985,-0.030079212250568973,0
0.9926051298558801,-0.4468525589868122,0.3218438113679798,0.7590117111689207,1
-1.1632827852556686,-0.7924188400046424,0.4092251692486464,0.11691292929226331,0
-0.5153698192575362,-1.1487254021663127,0.817032985064885,0.6355715799758241,0
-1.1353802385774594,-0.6027581259405232,-0.9685586421051634,0.19207542589900142,0
-0.2473358260308085,-1.824791538659091,-0.741240730744287,1.5908007196651799,0
-1.3125186713681793,-1.335606938713977,1.8943066316212318,0.27709785811273613,0
-2.1448511244861708,-0.34882742766811203,0.12764063126362202,-0.6411730491058032,0
-2.1316061685294603,0.17502619182199552,-2.0737008198267235,-0.7251357287532159,0
-0.32707570231489813,-1.15575951947373,1.171630592353682,0.6641261047857688,0
0.13384567704091754,-2.3068077432307064,-0.4347429368657705,2.1200786546606323,0
-1.917909163516809,-0.6978112333408057,-2.1275894568281744,0.1288673536084484,0
-1.4760840636483685,-0.7014768549395722,0.6674641770557428,-0.13845240114426266,0
-1.607309309105049,-0.5587633109509094,0.20708400823803585,-0.24218146988416173,0
-2.1243210051415473,0.822643815384662,-0.30801431675012647,-1.5717134365440921,0
-1.1866524449134177,-0.34128275118785867,-0.9232113607303134,-0.0630926377968468,0
-1.6438275210635585,0.09733470970492064,-0.5564657109894291,-0.698413204538627,0
-0.9673706747640048,-0.7912942368363605,-0.22883808885382795,0.3051551503586458,0
-1.7876383754607241,-0.5903204917894782,-2.393971298828933,0.13590838361221944,0
-2.0632532767909884,-0.7095369966525602,0.9400066795158031,-0.42856721081623933,0
-0.9427905312009739,-0.7477411013965528,0.2371500827378341,0.20138939915135817,0
-0.09981503078352771,-1.1247000286731024,0.9360194976438831,0.7737257725177221,0
-1.5835785675322196,-0.9440919423444362,0.8888644787530743,-0.011678236552889012,0
-0.7738705523951624,-1.6711631775114264,2.621597285621645,0.6783089919796077,0
-3.1975980744168497,-0.1629980793908522,-0.18984380177832327,-1.201445010624415,0
-1.023838691943063,-1.1431696722445663,1.650775948472461,0.2750965959635068,0
-2.521902606529837,0.47693368304671857,-1.810409621697242,-1.1967017994869835,0
-2.2041923791070612,-0.9495274205050679,1.7934357281757904,-0.42249671608149253,0
-0.7004606988406192,-1.2910057148455276,-0.5973446949654082,0.9117757702986349,0
0.3558998728763354,-1.087853070097248,0.6789692492558155,0.9799831716444047,0
-2.7238610619249517,0.015700024316435135,-3.463241961670902,-0.6131886221958387,0
0.24562172321300846,-1.298908410686387,1.841593795653779,0.9233349138694945,0
-1.9224715737788562,0.25485711094757546,-1.0869839374255472,-0.8666917743243997,0
0.38371187726023614,-1.7881105566927988,1.3373387527261027,1.4879091344650095,0
-0.40767158202519604,-0.7033660656499587,-0.29149375537943056,0.47997611187927586,0
-0.752577616837845,-0.5638750829911493,0.16537669255232368,0.13621113592028902,0
-0.8270133682114361,-1.1936505701753257,1.6119738928290164,0.40959375921188373,0
-0.476700823368879,-1.3726718310504764,-0.6273316419847623,1.0833058849337596,0
-1.9736304604731725,-0.7120721165566122,0.7623233197667817,-0.3586271546219673,0
-1.0655639430722428,-1.4432626935438668,-1.6295277682659979,1.0563398615057613,0
-1.5898586032637878,-0.8937584744257291,0.9534809484484398,-0.0684584597936087,0
-1.6825398230009379,-1.3528814989379843,2.148129148488297,0.09128506538701077,0
-0.22900334804576017,-1.709868062992703,-0.07785301650257181,1.390246884360456,0
0.9709677685806322,-3.167425401670572,-0.3833109406609887,3.213957299053657,0
-1.6264062888613553,-1.0990642252990777,1.642842888062062,-0.020471201416301005,0
-0.4839483617589032,-1.6725022633792817,2.6037894229039606,0.806920586157241,0
-3.097123016653903,0.6689159106428184,-2.5364035122499757,-1.489915905803631,0
-0.34812825787907065,-0.9030192489144411,0.4293760848754783,0.5591680823976279,0
-2.407374161936458,-0.4805679826923097,0.17534959484628654,-0.6480793047723832,0
-0.69524067423368,-1.2491703750823735,-0.9151205243304557,0.93023663856722,0
-1.1590209098642597,-0.5274439409490992,-0.6729267478444919,0.06823747379624809,0
-0.5474624120310216,-1.0072128108844904,0.8434160660746333,0.495303814994416,0
-0.3035492984602083,-1.2075666992350524,1.1251836152201018,0.7265938176921586,0
-1.1962012732372378,-0.3976220579370978,-0.3968783939559746,-0.10523666618374243,0
0.01812473167615214,-1.239604019949104,0.7278006030767965,0.957841778441975,0
0.2190706608452231,-2.4574872158032877,-0.8982604407459707,2.3630602372386527,0
0.9392718572034755,-1.308140462208378,1.460464282123959,1.2919894428058036,1
-1.5502842898522338,-0.5116534208378827,-0.23499852851919156,-0.18555338725626933,0
-1.4332319381165877,-0.6660313540185812,-1.397531131343359,0.18939442254338162,0
-2.4666073353994387,-0.41367150144657705,0.2070951223691173,-0.7364860426367802,0
0.42793343031342057,-2.1489623905433044,0.5099867396065809,1.9545902259720238,0
-1.4531438629145916,-0.5348683922495732,-0.4532181779208675,-0.08786075790940454,0
-0.9882424397025105,-0.7860103170359777,0.41514720726292575,0.1855875559922074,0
-0.6125397331222744,-1.0807902740293862,1.0510415619428939,0.49666845934473414,0
-0.8220116168032291,-1.0113450863417295,-0.8717284017804663,0.6633756889542259,0
-0.9440922980999545,-1.0478267447319043,-0.3557536369797697,0.5574650177547844,0
-0.685981396689212,-2.2524628024866087,-3.0382263309116477,2.149757703436481,0
2.228061277072935,-3.9032833703781113,2.345454243818026,3.9396706745904893,0
0.25899519135457716,-0.47403121416094784,-1.1403473966466535,0.7081524976910978,0
0.8428531158989375,-2.1008510295174156,1.293970199260744,1.96218065077265,1
-1.6939776743523822,-0.20156803907003695,-1.397257417196879,-0.3235205179548678,0
-1.9242558320742051,-0.9375273698219775,1.597620888432331,-0.28037531958163087,0
-0.031602917452642654,-1.8546203241461794,2.7043739323914,1.1418290023820339,0
-0.021846232098854834,-1.6888506669839347,0.3342259654914106,1.393226726568881,0
-1.382467379239255,-1.4402507163743676,-3.3285666309518085,1.197402071847781,0
-1.3521772572407076,-0.5275539697143411,-0.26036727134059134,-0.0825639996156047,0
-1.4012427236229323,-0.9636617129190682,1.0097883727357313,0.0636147995640335,0
-2.885272605038266,-0.13519618585902027,-3.41275909499925,-0.560590367399006,0
-1.9380648425257565,0.05177091648643661,-1.7770268689932165,-0.5844790596701183,0
-1.3107476317098525,-1.0530631641751955,-2.446525038522914,0.74878267929781,0
-2.202923532586831,-0.8732878426350449,1.1806634993517553,-0.3868512918811798,0
-1.204296651835318,-0.715769673898651,-0.7232653422536267,0.21962407099002948,0
-0.0654382128022627,-0.7955257149071582,-0.26662720138078266,0.7024158202458899,0
-2.588236607468902,-0.5732572418181131,0.7625617821222722,-0.7424547815870448,0
-0.03352362286659216,-0.8470918640458409,1.3940344995952296,0.4871755088573847,0
-0.9316371717139538,-0.9311143632420413,-0.9928683384607686,0.5669913600950116,0
-1.7066925454636475,-0.7354616393940604,0.49341196465229387,-0.17950753546975257,0
-1.9114813206125922,-0.15479319474130626,-1.1587460773798821,-0.49658579538104947,0
-1.3112016644191704,-0.04083057208042895,0.05427010092897033,-0.5368653181135785,0
-0.27686217862441476,-1.7296703297453595,-0.3249860332429374,1.4274769289260107,0
-1.4360373299125804,-0.8306011860255869,-2.051736751333769,0.4379549895258367,0
-0.07396759853953938,-1.4375769166355008,0.6001200782433593,1.1101823894524379,0
-0.5649525969917737,-1.447839047786683,2.249716019918755,0.6365259722230957,0
1.7095870043048362,2.1726048613772653,0.43022413368322154,-1.2117377590758949,1
-0.08263016740155005,-0.9101777554038026,0.5080676715180338,0.6664219230441022,0
-0.8228733345546022,-1.2437742413060655,1.959441831036519,0.3974174675612745,0
1.2018376654554919,1.3125087861362548,1.4853404219268402,-0.8612130708432141,1
0.11130110854565656,-1.203031867878999,0.8665032227105167,0.9434566448077041,0
-1.3462749832381498,-0.6492390080230142,0.1268793967486328,-0.038769050918666614,0
1.4167267344724976,-0.30458066998230215,1.158843518470887,0.6805545801759814,1
-1.5917262033208437,-0.9030558043498806,1.1409898474703697,-0.09211243114911048,0
-0.37257361710415837,-1.3870241937495145,1.7422843800285803,0.7502215019080408,0
-0.7986336919896266,-1.0220270171360228,0.46502715229157054,0.4625180244044484,0
-1.0796101492073058,-1.2826369167525453,1.9887989781687043,0.3158555390671078,0
-0.7645029813317044,-1.6977746724211147,-2.056234309202954,1.4755806388338173,0
-2.224923505982331,0.06046672515827689,-2.404594538103545,-0.6118530169192306,0
-2.0843262061129453,-0.5907816986619276,0.050810675087225365,-0.3936954055507945,0
-1.9945569953001643,-1.023708577860566,1.349877342058434,-0.19539226633025886,0
0.18103146880982957,-1.43909532298459,1.7238913070658737,1.0359697724380632,0
-2.3323464464842054,-0.6189507600333455,0.47367149419921906,-0.5455398358436834,0
0.03472417308458997,-2.4289196556108443,-0.2739222823714257,2.156418304988787,0
-1.523209398121876,-0.30697223876920465,-0.9392026350770704,-0.23462620751749325,0
-2.7255517000828733,0.7952928570751092,-1.6374980198060558,-1.5874185978881035,0
-0.4854900686992475,-1.3526240865404469,1.7110071736383934,0.6771827373527064,0
-0.26494131620035,-1.1702890022536487,1.1458040826873095,0.7076063624746689,0
-1.8598217214809414,-0.16555608508896613,-2.049221625241416,-0.31847716410332017,0
-0.9309566224701853,-1.119326642055821,1.285741651283823,0.3545198963078256,0
-0.504516553720304,-2.1074405833234375,-2.292976569151125,1.9798121930100967,0
-0.4633863210747272,-1.2734235802083442,1.4312909052037492,0.6643783178706639,0
-1.2669912049495728,-0.7076416346977515,-1.2309155923506403,0.26927378664921353,0
-1.4373250583010517,-0.37707351351563123,-0.2287368085475694,-0.2542235457263388,0
-0.07673257353988616,-1.5488157776480005,-0.22869214472001909,1.3414821752655894,0
-1.5484354892373646,-1.0926737663260018,1.5857569842539885,0.016902276514700602,0
-0.284233834991259,-1.4251742486180896,1.8329426155722395,0.8061629652599702,0
-2.763998116797638,0.5560880571867248,-2.336727948822344,-1.2823347381892551,0
-0.986038007033779,-0.8184691141208142,-0.3428256079482783,0.3393618905840299,0
-0.8291118995507039,-1.1138235520222182,1.1501159103157768,0.4158461095487056,0
-1.1380101826777649,-0.920414631123545,-1.3416964248111123,0.5265579990253113,0
-0.14757869968856174,-1.7580937572427566,0.46646339309640006,1.3772124469962845,1
-1.5231057236607053,-0.7263699606026438,-2.1543613494451312,0.32749545047323686,0
-0.32998958871096096,-2.228434437712628,-1.4306636136195412,2.017208721995459,0
-0.8196756682261253,-0.9351619237882096,0.8450207883755073,0.3159351390226136,0
-0.5819821581326547,-0.9249364078004138,0.9972664579391463,0.3841307388950039,0
-1.3096302044503356,-1.189966634684616,1.9448481238052726,0.14431399322290484,0
1.4992210900852918,0.9881233669223631,0.004205238581898585,-0.20961556104072612,1
-0.318378326093286,-1.9217259690988047,-0.8027817996381107,1.6540852416941898,0
0.029168284899363517,-1.9960371460381552,-0.12890180227655035,1.7565315688212126,0
1.1932941434278872,-1.6419925142466005,1.5840167164677512,1.6688961970654594,0
0.9138889938874208,-3.196874093251968,0.004381725971326578,3.151018926453942,0
-0.6035040886641265,-1.214505977113189,1.1738721915683532,0.5957332006648296,0
-0.8303520826147985,-1.3387515262159717,1.7347020204960195,0.5131871124234171,0
-1.8780528546814155,-0.28018440770614517,-1.5974130883618893,-0.3017694620960145,0
-1.378786214460921,-0.9214019894638177,-0.7474439782690536,0.3261421253520853,0
-1.9688131319818285,-0.7488168887125648,0.5686997955559077,-0.292960488021025,0
-0.24596189871342378,-1.3668657146002265,1.624451185711591,0.8066064212827877,0
-0.23144714790198895,-2.301800843751147,-1.7531983943174867,2.1759663396027786,0
-0.861296406762271,-1.5654803237227826,-1.4244703647767967,1.2157940487590244,0
-2.066587961859063,1.050432673866756,0.5156362970385713,-1.8791483325738068,0
-1.6647941331366132,-0.25130959455036683,-1.1931949456754185,-0.3016562568965653,0
-0.11717111987850859,-2.4270266457135605,-1.3874534503957658,2.2729051588090976,0
-1.2132540752917662,-0.7718740087153553,0.3654278685638993,0.0849296341564625,0
0.2896313371900805,-0.8864971500882284,2.2975925095985934,0.5111980576817586,0
0.5982835157460225,-1.3651373064012886,1.5338430091672488,1.1826436582434878,0
-3.9505957101665934,1.8934690613473966,-3.0504761660645565,-2.8287484444552797,0
-0.2808666790807519,-0.9667086704899928,2.280862480665812,0.33815077902484836,1
-1.6612831325773914,-0.6494712091585226,0.4842332738938204,-0.23271073920668953,0
-2.5685394428378103,-0.2914477558327977,-3.872111211930242,-0.21405113057143743,0
-0.7655321627500069,-0.46092640427569564,-0.605309816514388,0.16869803329371785,0
-1.7484388495045615,-1.2518826700244832,-3.2525468684257275,0.8651167660400814,0
0.11752615842364367,-1.6555234639377812,0.7041551879958268,1.3634086343585845,1
-1.3920801265672451,-0.8446690170642573,-1.861095103609959,0.4375846294865168,0
-1.8785530724601407,-0.954455363900217,1.2529915083530532,-0.18938640409216387,0
-1.7113826870432762,-0.8816345005567057,0.975934941986768,-0.13481545047098584,0
-1.9388334327685026,-0.5264849689023845,-2.490434872900532,0.0317570054050835,0
0.1296005436239871,-2.6257875468737293,-0.92635383773083,2.4745181265603002,0
-1.0525032160807277,-0.5736018048909401,-0.3542832654876039,0.1013565815324685,0
-1.127551039625242,-0.07403692497794157,-1.567490538688034,-0.16227694714208116,0
-2.2422047914645917,-0.7606806318423692,0.7299441240091582,-0.42669587125474134,0
-1.7527659337100836,0.5886378352175392,0.14536630692095764,-1.2848141265000246,0
0.0395915478164488,-1.1556647805540718,0.8315807163438157,0.8775249780986617,0
-1.541557580075244,-1.3774834760711219,2.1203437229265782,0.1776471218780014,0
0.12264944104916431,-1.3246142255747206,0.596072139480825,1.0977992578749314,0
-2.5209284520017414,0.2354814300477368,-2.048920583588611,-0.9486115246701993,0
-1.4279324058682485,-0.5455720538941071,-1.1719768602136758,0.05056117196859192,0
-3.158008034341178,1.747761568494067,-0.7529543506389051,-2.7408905852328624,0
0.46234313322379883,-1.8344605016964501,1.1784107462089906,1.5878564101937365,0
-0.5244979875244398,-0.974089724992581,0.43847801830951105,0.5432582123117587,0
-1.3179189715866082,-0.6593705667993599,-1.6853823692920389,0.28057249223715575,0
-1.4987001070032333,-0.8882126395758374,0.9798324717846417,-0.03843109349965912,0
-1.4767957418291726,-0.1409764435709654,-0.9115561768974421,-0.3625144904976767,0
-0.66412016399496,-1.234894115766931,1.538856170925695,0.5271947281196622,0
-0.877464581764968,-1.772047645187396,-2.2788663679008323,1.5278277592308445,0
-0.7571198877705918,-1.180905129735172,1.4972950273418908,0.4474965999814854,0
-1.3834708603183734,-0.5582800671383306,0.034652353766310595,-0.11806484438145501,0
0.2820564630372524,-1.4073688305369585,1.7337236434848293,1.0503585109582956,0
-1.5054854527195611,-0.47820174891454736,-0.258900871648607,-0.19124819747116437,0
-1.0352403109268087,0.05995454437195469,0.5385371477290166,-0.5850679728107718,0
-0.13309993346988003,-1.8526732989389323,-0.7299736104743113,1.6620751944353158,0
-0.41836504638003535,-1.055821253564871,0.15292810280716185,0.7064057791184877,0
0.43700032432374214,-1.4855800900678908,1.7344748415923361,1.1842882852263714,0
-1.1839381360430785,-1.5387859341791863,2.775508679452977,0.3625836239104968,0
-1.2967644198573414,-0.8637340243874255,0.7729263603971086,0.06124454024739933,0
-1.4061667944082563,-0.7294985062457252,0.5345309632651778,-0.06234743227240325,0
-1.2786535286234468,-0.8852727787159627,-1.1880448474680882,0.4105186673963771,0
-1.3764138065939198,-1.2872901768447786,-2.3853364251347746,0.9126640647866898,0
-0.41463450658928236,-1.057657770793801,-0.5341764508381681,0.82273593094131,0
-2.8319399284741515,0.9138259606024524,-1.571623210874448,-1.7462661953372736,0
-0.7961282516256577,-1.3012123779068618,-1.4394239027320022,1.01815711299951,0
-1.6759934525269862,-0.4959852403972804,-2.1342462731518923,0.05967205626717772,0
-1.424897067100402,-0.4954811778253869,-1.1641458930446587,0.007341985958193472,0
-0.7413126314200799,-1.067376866353757,1.0644434838033874,0.42757571469032946,0
-1.739825606804763,-0.4734512291070031,0.18359999569039487,-0.36886385012477163,0
-1.209391688047681,-0.72410035653824,-0.7814975580701605,0.23421479073229678,0
-0.9017246864180154,-0.8927597372356199,0.780959959488987,0.25464590020257744,0
-0.23236369377630972,-1.4756809087254916,2.196052138151309,0.8122419877517308,0
0.07821133677506409,-1.9510792511840007,3.1004132975273047,1.207034335378871,0
0.36706173291895383,-1.7143993985158368,0.9390208349947355,1.482727176033179,0
-1.5790436401062193,-0.9265548525163324,-2.492757880420985,0.5319715538226384,0
-0.2626797055858666,-0.8879024849137823,1.0010065132045742,0.48869342932253645,0
0.5250418809847943,0.02339180732249746,-0.003335804415672383,0.20586877429399875,1
0.35168738584405346,-1.6387283479773607,2.1133705291126423,1.2174367014344287,0
-1.1080539458652339,-1.4782006701310115,2.3502502280497692,0.4129109060066328,0
0.2635932688101994,-1.081044115398407,0.7222573828256604,0.9273319935210436,0
-2.8531895694836322,0.951851734120049,-1.532126092806732,-1.7947168988762245,0
-0.7489443485439249,-1.199786519933601,1.3854117265999006,0.4857279349788414,0
-0.16393842824480787,-1.8291851448241134,-0.743147095955878,1.6307264795621832,0
-0.30209844121373386,-2.1226574797310036,-0.6226847077714419,1.8048454946513108,0
-1.218709006512707,-1.1234304267806297,1.520738281234192,0.1957743776005728,0
-1.3308069575192696,-0.9930355531053694,1.44660438332594,0.04729120868657367,0
-1.875127525037414,-1.181019966386438,-3.197404884119787,0.7404616039030991,0
-0.9796337105738849,-1.2782191298956973,1.9748965069476534,0.35727235119948497,0
-1.7417807187872247,-1.3427541420154494,-3.6220409585632436,1.0072506789756601,0
-2.274269229684079,-0.045668095176015555,-2.741928593269743,-0.48589500889148746,0
-1.9480418122789218,-0.17198012806661922,-1.8943054100129721,-0.37633312031084987,0
-2.9328152700970564,0.8946107822234108,-2.9795770492965437,-1.5411660739858695,0
0.03825125819709174,-1.7455213676657042,-0.013260728491810814,1.5251706697855938,0
-3.664032528969812,-0.06386836320071354,-0.21080197729027472,-1.4838893345616415,0
0.24440331801807158,-1.979986211135612,3.025511404907888,1.3156982470064833,0
-1.6033320803235922,-0.713136767763168,0.38975036686844844,-0.13731257335231642,1
-2.2146433244100594,-0.47368899238251194,0.0062657703453816715,-0.5433950389613923,0
-2.1349289697303178,-0.5875237304805121,0.26908549326530284,-0.45418401654338214,0
-0.9977128334976534,-1.1343352862977811,1.4946145081858453,0.30440735388393136,0
-1.519868821594338,-1.5311694047585327,-3.14088825436321,1.185954840501523,0
-1.2072117111810263,-0.4580164589734136,-0.8364760723783844,0.014547426431555403,0
0.05322355822209124,-1.6496189390707818,2.250549009078408,1.0760555582564235,0
-1.0457008569786699,-0.9893311115580636,0.9869410003587562,0.24223978145582736,0
0.6063978999248643,-1.271568994516763,0.7763801146272578,1.2300985054543574,0
-2.0545268100754726,-0.5448714296285859,-0.07873968425950162,-0.39918894077241274,0
-0.31279350067535194,-0.8435525407039626,-0.15406436216820563,0.6190917396640505,0
-0.6472634773382389,-2.6096775869977256,-2.6148764811023897,2.4049877307864693,0
-0.7815987967535623,-1.8561949424559505,-1.7587060205158145,1.5559774700848918,0
-1.3718040502768352,0.09748647693806367,-0.19790717259676294,-0.640750734740649,0
-1.9114723395147113,-0.6266948659315522,-2.48030516505821,0.12833182711814137,0
-0.5828209732140459,-0.8658228402233719,0.5422181872879417,0.40768057799271384,0
0.5061137530243649,-3.2186536933846592,-1.194346381264311,3.192064514093569,0
-0.981344360533132,-1.6792946631133479,3.0997991205621114,0.5174723223417467,0
0.26696980327071573,-0.8354073672373724,-0.10197779081273506,0.8524968981916878,0
-0.32034464369044735,-1.0401988242899556,0.6561798327785882,0.6521540262458732,0
-0.8187320552487143,-0.4767539611094329,0.666144821121623,-0.04985627916821268,0
0.3433588234511915,-2.292894949294764,0.2093124434729341,2.092003775459782,0
0.0043775271969448415,-2.4693955211560263,-0.45840430955553935,2.208696823669597,0
0.3765869188424875,-3.52705449965986,-2.278428497891218,3.5811238216762344,0
-0.4128094151887586,-1.1419564793459778,1.3794529805226172,0.5811682387534775,0
-0.7237020542798579,-1.5347469522730472,2.32345632444234,0.6312096521479271,0
-1.1615764169078322,-1.4079138781853247,2.0280988573946477,0.38230556775300706,0
-0.9537074432299522,-1.429499527227523,-1.898327662513297,1.1367661904158834,0
-1.4142858879249087,-0.7233515497286008,0.541832820279854,-0.07234243639570397,0
-1.6881461663048403,0.41850984657364787,-0.025354816817919734,-1.0821102339532902,0
-0.7876809064895252,-1.2394798446324298,-0.85882538295228,0.8728991687815744,0
-0.8622377385328976,-0.6069069701449094,-0.07164406323869921,0.16528143967065376,0
-0.29082212039631494,-1.536993519255057,2.2715148569299908,0.8276264244172503,0
-0.5129853402012301,-1.084443358380211,-0.13227313130162233,0.7374324044471966,0
-1.226132440328914,-0.7967963635393114,-1.5798923261640416,0.42123686533270044,0
-1.0351812542294563,-0.9001198889824306,0.7361071507331972,0.21106370309421937,0
-1.5170901433058943,-0.029472092873570666,-0.5518152361801846,-0.5352976088911303,0
-0.12816643961557528,-1.7062130205506214,0.1956564743340583,1.3853646173744243,0
-0.9317973074287432,-1.1951910622598199,1.6945909092316591,0.3523137536902895,0
-1.122306716862201,-0.3529431656959702,-0.4153289722117388,-0.10902259837751961,0
-1.1542296199806268,-0.956753264751761,1.1387284858179911,0.14251381712791686,0
-1.2866625580377558,-0.811721156106507,0.5274366245257189,0.06111491146129979,0
-1.1680169951883363,-0.8151701203138297,-0.8760013137268476,0.3461492793432436,0
-1.0866045654307843,-1.7386411537663529,-2.7143213418641805,1.4808722856529624,0
-1.512316281914846,-0.06030056526862215,-0.6588083035716883,-0.4890210561905711,0
-1.0009650722096746,-0.9870685725686438,0.6856867513969973,0.3091076334886547,0
-0.5080205071143302,-1.7388641373239149,2.9963059935822907,0.7892241784092546,0
-0.7273928930237705,-1.126170911783818,1.176317125465641,0.46587763492644835,0
-1.0551862816147417,-1.0392961846155329,0.8616968771277991,0.3019139885923663,0
-1.058548273598618,-1.1837984976170475,1.7049583855926547,0.2863332999548612,0
-1.5615710669962979,-1.0875960389276025,-2.4207421837304657,0.666612103383468,0
-0.5749960164112475,-0.8168488788644651,-0.24031805454980149,0.4976291858397695,0
-0.27627832708020406,-1.2638455402406596,0.32242583243441514,0.9190680151117143,0
-1.0867365440397379,-0.9606947405718873,-1.2372942740566706,0.5661546033872361,0
-1.7731158157037434,-0.73352854535618,0.7111314980399737,-0.2455562235227659,0
-2.7184548815018,1.2920468740080144,-1.2776306441759873,-2.072376334475848,0
-1.177767669406176,-0.9624108436763112,0.9471160402337496,0.16883917847397414,0
-0.5239433789444213,-1.1536982045875885,-0.24731408145544975,0.8114429841374682,0
-1.066325329145061,-1.0065080281417018,1.0187653504531047,0.24296642796759033,0
-1.3237778678886252,-0.7157207865229753,0.3814533731076172,-0.013645710127339028,0
-0.6020057274038233,-1.454670426819038,-0.6958019150304345,1.1115342478842138,1
-1.6057889063402397,-0.5597255829417515,0.035050220017894596,-0.2123697936390404,0
0.4282688070050038,-2.191163674773749,0.3061737398363038,2.024719235805581,0
-0.018571751590200525,-2.4786583385500514,-1.1842974333734049,2.3263646105545996,0
-0.28077407356381845,-1.0376564158926171,0.3741563642338508,0.7133951738610417,0
-2.148392840877542,-0.04483384520545408,-2.1704370043417973,-0.5266555542032146,0
1.3901217633910155,-1.4042338288786602,0.8502569920756576,1.6690509284062736,0
-1.792539819258495,0.3407716792656521,-0.6325672006902091,-0.9598650106539038,0
-0.361007445839303,-1.2087117788831845,1.399681426055734,0.6577030252683818,0
-0.37114919881197683,-1.4129724842529336,1.5162202716817272,0.810454319301756,0
-1.837463763402638,-0.676607438792899,0.7327562684759674,-0.3258835089075058,0
1.009593228736006,0.47526245399171785,0.0233286880000112,0.019586871695000587,1
-1.597862029776989,-1.2115746010874344,1.9050892876038752,0.04571328059304113,0
-1.95715599319408,-0.6683464963487606,0.32687500073883724,-0.31758726965017636,0
-2.0299186217867327,0.36791336895207083,-1.503956716769212,-0.9417584963132791,0
-0.6436243867368592,-0.9852769439648149,1.0502469419531621,0.4010107750983398,0
-2.5973883499376993,0.0687286675902854,-2.397364322850245,-0.7801505538387331,0
0.9758112306619395,-1.281536859275649,0.5996501423664538,1.4264686258720563,0
-0.7866832210615249,-1.6912366745575582,2.817892622258192,0.6578081144139725,0
1.1087267562185361,-0.10351029151221625,0.8363211134795957,0.42783138660280806,1
-0.9984073360660615,-0.6676354020678977,0.08826576532353336,0.13287864668369934,0
-1.1216712584090311,-1.163994885979744,1.5942594480396888,0.2603574372388775,0
-2.0710391924459746,-0.5613913976302897,0.5154226859346848,-0.4898610935959801,0
-0.010559774867020089,-1.0630877878440748,0.6008978730706991,0.814067160756826,0
-0.7975227968418285,-1.3535166889291965,-1.2526316156232238,1.0319436098801753,0
-2.2225832614043064,-0.5994892738874729,0.34928992401750536,-0.49471160298718886,0
0.4964704923327832,-2.7553079865327206,0.3465495333984969,2.5342762306654443,0
-3.0230046814928797,0.14913162967104276,-3.7789777637500914,-0.8048465106365871,0
0.5021066687548614,-1.9369748097218291,0.23704220429196665,1.8484265159368467,0
-1.1446519981771692,-0.7174522215208436,0.15499132693815332,0.10207502587408168,0
-0.956684954876547,-0.9518885927732685,-0.43914876432617855,0.4829845997694743,0
-1.9444650955787486,-0.38649569064730893,-0.02994008731774045,-0.496646304976049,0
-2.275634482647338,-0.2567427852832168,-3.153204863893591,-0.23657979818520644,0
-1.041566644592806,-1.1071804882018421,-1.5269428451618658,0.759682361416263,0
-0.41493814311098487,-0.8266836981540842,0.12466771091125117,0.514762765781708,0
-2.8255637264107167,0.7263014189508727,-2.346485052804451,-1.4540819060577344,0
-1.807538315679411,-0.6940539160417029,0.7381548475198485,-0.29886125675220276,0
-0.35905642398717763,-1.364900126565335,2.052724844939843,0.6858129703747456,0
-0.7000518919117881,-1.1578919577038187,1.5185353151456011,0.4486474768035365,0
-0.008098743080953152,-1.0816121097360651,1.050422148088957,0.7570911474629457,0
0.5081823909225549,-2.7600723085785703,0.08060013104129138,2.5872114764154297,0
-0.3007509239150643,-0.9077829506970679,0.6881773913149045,0.541012726399044,0
-0.5447055450985339,-1.031774190186735,0.669600017322981,0.5463084065897219,0
-0.8800728268086511,-1.3253511985637747,-1.7179298245283072,1.0487970205876793,0
-1.3082218479965886,-0.682134713218709,-0.9461642135636754,0.1826610815177415,0
-0.39092355259525746,-1.26107621725418,1.665328014907134,0.6463065973188746,0
-1.5181584729360988,-0.5320568216136912,-0.21656842862265435,-0.15717979261583367,0
-0.5320282981422428,-1.0839373938042725,0.9495220093173242,0.5506817439821662,0
-1.643161392983461,-1.154959759874856,1.9794670239272905,-0.034854795904133644,0
-1.4451183267840726,-0.07968120486405073,-0.343154183251839,-0.4954091856458147,0
-1.59350182437225,-0.71618123376468,-2.026872492702692,0.26747290185724526,0
-0.6758940542799273,-1.1047075749800417,-0.33014051033946623,0.7175341027253845,0
-1.2198902010609065,-0.15050651904605805,-0.5102627294627136,-0.3100258679204354,0
0.7390693603673602,0.1467075844244502,0.9580559105260177,0.03305270741165203,1
0.5336666409762476,-0.7479833032777783,0.5555604810984962,0.7833151045639805,1
-1.9631176598616733,-0.7672032465287062,-2.7595081395089274,0.273397719044611,0
-0.9718470066008701,-0.7170315550561763,0.1502274769112527,0.17671726945132743,0
-0.9664308784769245,-1.1908016551194116,1.4725013912652094,0.3702205090687607,0
-1.7974272681671017,0.6787974996368893,0.8090759717447293,-1.4911036082844453,0
-0.7968901875554544,-1.8773608420177683,-1.907929242222899,1.5922499785606026,0
-1.303695735528188,-1.1416455889318562,-2.284606546827808,0.8016044538387254,0
0.140264671411789,-2.392249954939925,-0.6069016453769309,2.2249294377315962,0
-1.117464723156721,-0.8268671791675786,-1.1361251853044014,0.4207910919668702,0
-2.004528355384834,-0.27580521185662465,-2.1511486586767825,-0.26868977234785085,0
-0.5838710338762807,-1.3921714367050948,1.7047991420301394,0.6700830020460105,0
-1.378048510996809,-1.336769406159918,-2.1988072719177603,0.9239524154661378,0
0.1730180956504772,-1.0549189336812617,0.6020192079046558,0.885679882744114,0
-1.4030309348788124,-0.8282392038068696,0.7829857310846691,-0.016689608240255407,0
-0.9235961215966593,-0.8160358288407166,0.587275334024754,0.21092491373897435,0
-1.124097331649638,-1.1942351845005814,1.7626694800708158,0.2576843894227652,0
-1.2260437057720988,-0.16668672499604575,-0.056305464032730956,-0.3734550482740121,0
-0.5225687448330332,-0.9073866927286769,0.16149209435361112,0.532125674389294,0
0.057974661443361386,-1.232414500344743,0.8991511249808372,0.9405367100726832,0
-0.4344534630548832,-1.307852897918825,-0.31199895845832215,0.9935816662109596,0
-2.4055214073021434,0.5970563942264098,-1.6527368901670798,-1.276356454407253,0
-1.1026960114378188,-1.0275172634720102,1.2876558843506956,0.20120090268298277,0
-2.7784699905129178,-0.25235489823314994,-0.44651919268166074,-0.9020372505594242,0
1.3501880595691995,-3.1796512385325864,1.0993220173440097,3.1432477566843335,0
-1.124638443132016,-1.3035727687056236,-1.2795254334448694,0.8527672415376714,0
0.00936893421435081,-2.3352845786088654,-0.8480250051668736,2.159246917290466,0
-2.1300108471770898,-1.0595698047881605,1.6594502709766843,-0.27359492932638546,0
0.16043447810449218,-0.8997461231556132,0.31700231641342913,0.7932782180750215,0
-1.8921719014570695,-0.8490899609806286,-2.966659417773955,0.4086565104239742,0
-0.8422225898860857,-0.683296648214245,0.34564995047543623,0.17109579961704569,0
-0.6456268105677958,-0.6314481137971907,0.26221962740055615,0.22452269025618996,0
-0.3173554082596618,-1.9933223886220441,3.0682080861936205,1.0788989435679823,0
-1.7849258742965386,-0.9845929418203296,1.0957241344440802,-0.09726460202020622,0
-0.4471278277030183,-1.2800234052081467,-0.15157391240711127,0.9377017815964875,0
-0.6022222378599471,-0.666351099025489,-0.16544973808634778,0.3437125809333971,0
-1.2449824386662525,-0.740773322984859,-1.0320744860309763,0.27458025488418725,0
-0.16090846562296401,-1.9535727919450196,-0.9350032076810076,1.770978914104481,0
-1.9319026115571023,-0.12533137780361026,-1.5122709260084983,-0.4725718155103655,0
-2.111200569331279,-0.31489581543060663,-0.34904494517004814,-0.5775123478510804,0
-1.3370588866572346,-1.1774818407077563,1.6105087396684457,0.17681191192228304,0
-0.5050802733713968,-1.1884376037521998,-0.37873742348240025,0.8711693127018301,0
-1.1143512394991006,-0.8184452272795968,-1.4848070118366241,0.47227541911341964,0
-1.8656265582062304,-0.23475160556367491,-1.4572848271692413,-0.35871965816813933,0
-0.07451722934095029,-0.816566118149663,-0.16379675555694484,0.6997435970907002,0
-1.0106957189382926,-1.1111866801916142,1.0311163912165486,0.3551739633405924,0
-0.06277085595157983,-2.079825220538797,-1.0509663680645822,1.941193208125137,0
-2.6613479854445288,-0.19246206883593886,-0.3108477030939629,-0.9257665113764736,0
-0.005332675701751111,-1.2003763926806588,0.877176138998621,0.8893122654224113,0
-0.6008605070030135,-0.6907880500759997,3.719600007924522,-0.2743466703862446,1
-0.8155853562265275,-1.8477025869052164,-2.092469465491263,1.5890097699145993,0
-1.8379962461644266,-0.5374073913849456,0.08887911661828307,-0.34023096819189586,0
-1.5277057975887172,-1.3379821216371095,2.1854379241529873,0.13878416768336113,0
-0.8908373663633541,-0.9294152483590686,0.6560354907528966,0.31153022759603005,0
-0.9176053469220987,-0.45975564240853917,-0.6790783870393655,0.11451829671664317,0
-2.071967638409155,0.045735506002346105,-1.4486762200419938,-0.6908502213332597,0
-1.4893206281352036,-0.7874857507606685,0.48372871232415926,-0.039648406622676366,0
-0.5033803371980301,-1.3174527191673207,-0.7536986814107687,1.044995649401822,0
-0.252305076398889,-1.7784199142730714,-0.9489845175765974,1.582851427174534,0
0.16740864980711478,-1.7006687675198862,-0.4996798112535734,1.6220290659991112,0
-0.4235837175467072,-1.2161419031561065,1.2768280183910155,0.6574688203037855,0
-1.5415666646863744,-0.2937056170493443,-0.6794455078356862,-0.29673435228588296,0
-1.19821428268846,-0.7715891888539803,-1.097202549573774,0.33198900853854374,0
0.003348089848575153,-1.6797904672281234,0.06967980415602049,1.4397897631479553,0
-2.908959751055267,-0.513371785116957,0.5107266044381424,-0.8904258634193247,0
-1.1034726418952565,-1.111334935969176,1.4394028051616177,0.24822273234681683,0
-0.3225254147766601,-0.9893262822727026,0.5080391055574863,0.6317030680332096,0
0.11193003261356194,-2.458642772998796,-0.3677456169192631,2.2306822372835993,0
-0.4932935580809774,-2.3123325566455493,-2.0009120855918234,2.1133815272070553,0
-1.6438364149600684,-0.644042210538683,0.5433722753100763,-0.2396412067604544,0
-0.7867921499690402,-0.1076275918526558,0.7051335814054167,-0.36115063927646873,0
-0.8056785210443472,-0.2227104562891269,0.09914793597510885,-0.17014930592354496,0
-1.6952065086299957,-0.6498560312578778,0.18544160589334213,-0.19774808060906357,0
-1.6986323704565502,-0.6262402311077633,0.07537493329528389,-0.20147804681615314,0
-1.2200311403178834,-1.3136578835710133,2.0009817069577145,0.2803118902843591,0
-0.07377899399535115,-2.1035699531400276,-0.23181727789960582,1.822073186982131,0
-1.277262422585112,-0.693894819932584,-0.7817277632312589,0.179031401159796,0
0.13439953391628046,-2.09718160306405,0.1360885656595623,1.8453918630090376,0
0.4517877510701829,-1.438925687909454,2.0145766983804574,1.1042489549465566,0
0.4434407352193417,-0.925004169384524,0.19502469441117276,0.9567170249775206,0
-0.682212493420253,-1.0310670437004497,-0.09046656554012966,0.611795064018137,0
-1.2958900308955916,-1.0963917366895144,-2.5579219557964605,0.8109042536384706,0
-1.1201200608686328,-1.019966666496119,-0.7846508500213942,0.5284387239180556,0
-2.7825380969942017,-0.23670721964595676,-0.4678701801093552,-0.9137742443019813,0
-1.9682863831748159,0.1524920810876702,-1.7328944377723294,-0.6916588667072602,0
-1.0270784140079983,-1.1530635759483219,-0.9749624727373724,0.7146143982723976,0
-0.06071200697555634,-1.58396082029875,0.5183697025007334,1.255681075702524,0
-1.09140124271207,-0.051999793781004944,0.5109066480715965,-0.508011969014724,0
-1.154912300427036,-2.0526857078914826,-3.2407869989190567,1.8092762345617717,0
-1.3923352732215795,-0.36345374135087105,-0.8703453409455932,-0.14100423528584327,0
-2.7564661109471933,0.15929194917586287,-2.6798324302918273,-0.8801276852327227,0
-1.37559241815097,-0.5737939745915117,-0.31862192661673006,-0.04311869675425079,0
-1.273719893905257,-0.189562313659961,-0.6677151540631909,-0.27350999048990665,0
-2.2868664252573696,-0.8442067049322597,1.2707045837265112,-0.46283192393348394,0
-1.8783688661988465,0.14647494833897534,-0.7505877042220439,-0.8095978509223539,0
-0.8896068492958629,-0.9190956127553167,0.6047308946905763,0.3115999976354052,0
-0.3466847273446704,-1.5902501752325289,-0.6522659379038362,1.3310461530638695,0
0.04957462958017245,-1.682926270519084,2.2786977748984727,1.0986007022111761,0
-0.8603332644446614,-1.3526169936886832,-0.7163566465892196,0.9158833177696266,0
-0.07754571953055389,-1.3820674298709543,1.6435392136750475,0.8889197111724559,0
-0.7390161500136903,-0.9217940024229752,0.5051791047297622,0.3950014633393641,0
-0.7411693474680698,-1.676783321571179,-1.3461922700096824,1.3505651831962813,0
-0.004530182189541487,-1.7283220716678707,-0.5773108753923452,1.5848309501978286,0
-1.969514310592852,-0.9079160805520102,1.341321231137266,-0.28316776813355315,1
-1.296042614384402,-0.739862700759863,0.3323808442828483,0.02718420476697028,0
0.08626658108270235,-1.622660872867537,-0.042494740479205095,1.4445666318111507,0
-1.221839840529362,-0.7426320516673055,0.6464178213127493,0.009733791154911329,0
-1.5218841795870688,-0.8364881473979977,-1.7324033338823084,0.35358087688830375,0
-1.343819887414862,-0.7165919983411899,-1.808099830231532,0.33904303938364405,0
1.177459397119478,0.4726074974153054,-0.566647337129476,0.19112697873161708,1
-0.9403027256038022,-1.3074670755425892,-1.6864035702007114,1.002300811524438,0
-1.08208681351158,-0.7305421513857951,-0.8228400772783984,0.3012606834761887,0
-0.2853664575860956,-1.3618952105243491,1.6541927602929065,0.780494441095566,0
-1.0029808984142456,-1.3826262438566146,2.1473412815407165,0.4089624738921737,0
-1.2054052935611674,-1.250566753022314,1.877546338863574,0.25246549899237497,0
-0.37596739516436994,-1.501908069226574,2.058093471204001,0.795916998481753,0
-1.912194267631385,-0.9080062758420948,1.1866432971297058,-0.23300038862122807,0
-0.6960839329474644,-0.8907752573301244,0.49970426914964394,0.38757040040717206,0
1.5731037764077729,-0.8171517729595326,1.4521402794781846,1.141823192541778,1
-0.6926640413245104,-2.073706354254207,-1.7421602852249571,1.779184912781854,0
0.5088983265138554,-1.5164740587882206,1.6140666840621312,1.2616606354211737,0
-0.8945038627704055,-0.15887905989461604,0.6034316832696274,-0.34643158446049627,0
-1.1116795282921106,-1.2628368768546863,1.5954054014050316,0.3497706840914481,0
-1.0129474964024068,-0.874375765862595,0.6410100549546855,0.21405277758240782,0
-0.6396776480143089,-1.2102281758481856,1.5696787603329034,0.5113283657192924,0
-1.201581211674217,-1.2340452575013348,1.746427676974386,0.2614390660671629,0
-0.30089993118684166,-1.3871630721639352,-0.1893654331667336,1.0992027498127626,0
-1.3954030028419726,-1.469970980268612,-2.6334517838188325,1.1030358823777453,0
-2.1856490891967875,-0.5802163616902445,0.42495660539783264,-0.5079422974606684,0
0.5268692030732209,-2.486194382576696,-6.685487037483284e-05,2.372136905227183,0
-1.3478064889780217,-0.872816727622809,-1.4258652465098296,0.4092271471665759,0
-0.01952154472253964,-1.3282837467906106,1.6917407901341464,0.8594836651006316,0
-1.016477324494372,-1.0352688802807017,1.1363786417293238,0.2698330268570058,0
0.07954668421267086,-1.1096492747839761,0.40340213424485294,0.9254764876043617,0
0.5469370969348255,-1.403825230749223,1.3655851426765793,1.2216878986349746,0
-0.04910560175640466,-2.1722227938847785,-0.9509262104987422,2.010337572849083,0
-0.9956449263903043,-0.8767625071428788,-0.9192430587236745,0.4804649912931591,0
-0.011722010905850233,-1.2069009394127748,1.2786601324536067,0.8260885678374885,0
-2.352305791978882,1.1760526507585305,-0.7829777963615959,-1.8964509020717526,0
-0.4116111497424224,-1.6007925126104134,2.530660379440287,0.7881391394369304,0
-0.7919084927388207,-1.2940411661722067,-1.3418717614500302,0.9977165390232665,0
-1.05263080995408,-1.0117904422603918,-0.6702483127625585,0.5315306985407013,0
-1.0787043881342622,-0.9760011349754524,0.8594553701686584,0.2375520076804266,0
-1.2245175315877137,-1.4441083470147382,-2.3948943334227026,1.114827993599761,0
-1.1299327256109113,-1.628740481645678,-2.3752084839914476,1.3115670256067928,0
-1.1611747760856255,-0.3599889169478626,0.07221612564121727,-0.19991760814570422,0
-1.5699665069249171,-0.6445336367475303,0.44349117803349636,-0.191042426082329,0
-1.4524586144082297,-1.563452684351582,-2.552479880548989,1.145880777410494,0
0.6079567221080491,-3.2711649518540002,-0.5657610631331644,3.1776225210817013,0
-1.4388176746850516,-1.550026031234081,-2.968991026158798,1.208736346043848,0
-0.902702346495569,-1.4940330668129158,-1.8019609468498046,1.1985037308911108,0
0.5565910536442664,-1.5976000811467486,2.0145697291822313,1.286215532938304,0
-2.8167399234553248,-0.5214424103148299,0.6245501142436227,-0.8625939568735331,0
-2.3879637520641896,0.05242189593745605,-2.4887323669506163,-0.6610817457481556,0
0.6184453071929544,-1.3170673339265813,1.3077008320257835,1.1870520596877405,1
-1.3166145972884604,-0.5678411555959215,-1.3733328519891144,0.1507498291553303,0
-0.35422441164834684,-0.9623038515391777,0.6671507453947527,0.5685648270330367,0
-0.9080067945981154,-1.139014449586767,1.4568095481298011,0.3532004588932272,0
-1.3612878526365289,-0.8453789154239574,-1.3286366048792262,0.36374500994323555,0
-3.1534153621104712,0.680158717242219,-3.2454155007774528,-1.4070473192199071,0
-1.2762064076491964,-0.9095859274094646,0.8874741065685824,0.09078695707206312,0
-2.4162103630226954,-0.09396889529367003,-2.895751753711531,-0.47984183309761724,0
-2.4793426552083795,1.5185221714326418,0.2970143083880592,-2.4244371895567682,0
-0.2108398622763482,-2.56588998972221,-1.430992374540054,2.359696027520053,0
0.3310790304420841,-2.847173064737399,-1.5950292944537372,2.862240215350499,0
-0.3221777537961156,-1.1732178541427336,1.171271645400016,0.6813571849830878,0
-0.8033121724122194,-0.9180273601499636,0.036288927154837225,0.4413451887613341,0
-1.5585686786626298,-1.0492761058802778,1.344895252007818,0.014755263821902892,0
-1.0139963532106997,-1.354977768451978,2.1151816107215673,0.38566349440198944,0
-0.6386335207588683,-1.20121700344724,1.2720599723242116,0.5530069883107187,0
-0.8543896632264351,-1.2021977001244437,1.452104485312264,0.4315375384275748,0
-2.888778209343389,0.7688737338318861,-2.30423692058229,-1.5249338984489162,0
-0.8728491098757536,-1.7301135901561566,3.0585834606396993,0.614720331590709,0
-0.7887361697230627,-0.6568745497339531,0.16620095309642835,0.2008128283884108,0
-0.859307037905047,-1.0346629390524267,0.9195647359176339,0.3725175879689765,0
-0.7349876641258001,-0.7694794420598539,-0.005488386826725256,0.34935874267869726,0
-1.5197507418281364,-0.7495405378424851,0.6250134614727165,-0.1087336144684569,0
-0.9643676111726209,-0.715217178242739,-0.11263345613506925,0.22164799241407596,0
-1.706142756598949,0.12512097809072764,-0.4508958305772671,-0.7665440804505259,0
1.0960393311796417,-1.8047771882859267,2.1426492688743473,1.6756361301785652,0
-0.5927732867186455,-1.4237011805167845,2.024382590625185,0.6408481886400479,0
-1.5265723617342744,-0.6196994641009175,0.40684650400043243,-0.18780457609816736,0
-2.1157742509649147,0.022306863932552323,-1.5571675818839803,-0.6715793692246423,0
-1.7504171037397511,-0.6997757852907718,-2.4996262609305053,0.2637637093460002,0
-0.10879438807780206,-1.6643866438450552,2.344532268041039,1.0037379331525278,0
0.7035943840064105,-2.39829926810092,0.5106743684384951,2.288077616200683,0
-1.573708584832589,-0.603257203708012,-2.0022152385129175,0.1744493881869599,0
0.9642917663400437,-2.431836601421705,1.2394661523871684,2.3089876582743813,0
0.8826369735499812,1.9745916826929721,-0.823368297463615,-1.189589159146814,1
-1.1744287531520388,-1.4635016596102701,-1.9235233635670497,1.0754610266459825,0
0.06147635829782461,-1.0230970869026534,0.4574241621259951,0.8341164574968785,0
0.35184756272600426,-2.2003366437891625,0.47993031471761394,1.9712011902493047,0
-1.0494183403219375,-0.8890458672169963,-0.15033885418644755,0.34135832842329006,0
-1.2880384421849216,-1.0258128956197483,1.510835522093961,0.08337397570256684,0
-1.237058961517879,-0.9556471635953978,-1.6639438553063965,0.567488264430163,0
-0.7179817046371483,-1.0070868651110874,0.044065013026687305,0.5535819049318225,0
-1.8527711112569127,-0.7308053910770997,0.4171116645242309,-0.23370397456305753,0
-1.3626329227698968,-1.3735663632183297,-1.63707793869601,0.8698352048735023,0
-1.3796976890147699,-0.9050897987477189,1.1152192466402095,0.004954285840069249,0
-1.2438403399005866,-1.7943452832634212,3.574555892071237,0.4258523627030846,0
-1.0117276630191403,-1.3618643197128826,2.2248362820397647,0.37452529084113073,0
-1.013015933338529,-0.21782581309756877,0.39850838293922064,-0.31271250414434637,0
-0.8946204310219661,-1.2853631887362353,-1.7914467059606682,1.0201408455745047,0
0.9762502414096541,-1.6188968848280891,1.4817789473548402,1.5725756873818166,0
-1.1286498029647107,-0.4115383103692959,-0.9896895131950221,0.033404078553784904,0
-0.32299182286381345,-2.272506422986688,-1.5707853639885436,2.0813260881999818,0
-2.79002676676435,1.0510762271254355,-1.7890509829125674,-1.810921835207606,0
-1.2649417471225426,-0.8625189226908976,0.5332402051987121,0.11333199598007256,0
-1.8786228832217613,-0.17904505658031833,-1.4931150118570744,-0.40648192343996137,0
-1.7947399700988336,-0.8689671885447829,0.8826823199138205,-0.16619555825976276,0
-2.3424303146445364,0.03449339202871715,-2.5349342478395247,-0.618442881199956,0
-2.4384710802192213,-0.2402365934093157,-2.882420359019049,-0.3653546667034374,0
-1.5514073986821448,-0.9466886459710477,1.043767306718822,-0.021126526533676887,0
-1.2670497477677727,0.2656298424603394,0.32141504004655297,-0.8263971777719153,0
-1.2172417597222691,-0.5970835352561861,-0.6683145835667412,0.10257764139940449,0
0.6274652904511273,-0.21277711075987105,0.5984897122449937,0.3545972737004238,1
-1.5975735595089111,-0.6381988191280162,0.05215744023226154,-0.14392804688395083,0
-2.892195619381578,-1.07084532980577,2.3386850724006027,-0.7030732715564747,0
-0.5476923178168525,-1.42012908964272,1.8991135723719719,0.6777552410013977,0
-0.41946638776974565,-0.7877212531612626,-0.10218805077435267,0.5165448367721427,0
-0.48154020334164227,-0.6628880331889782,0.03629410398219701,0.35933698340004105,0
-1.6162100145717635,-1.4381549121550794,2.422917839528302,0.14812520162543805,0
1.124818391388212,-1.6624866661660875,1.7131321205192522,1.635912978618563,0
-1.506132185405677,-0.7586072288867346,0.47824954832451594,-0.07089187466010784,0
-1.74289146528087,-1.0723792135836505,1.5035889234703963,-0.07060376296245956,0
-1.4719140238771187,-1.3106814145895724,2.3559591342159436,0.11110483754493736,0
-0.15086661728938977,-1.0956788631973133,0.7050480165017294,0.7647837917700281,0
-1.3483673729149035,-0.3112701299919127,-0.554352417492084,-0.21919265509525868,0
-2.2529349026933234,-0.22125017800582014,-2.814607245320519,-0.31321933535544466,0
-0.5170848530412412,-1.8409710055764616,-1.7997999289002116,1.6632149459603558,0
-0.4450856307868515,-1.2786832540107127,1.2711904003499346,0.703141315041464,0
-3.088039078287111,0.957777197455272,-3.3761949975661265,-1.5970450981925153,0
-0.4723295752998693,-1.7339876495092286,-0.9825371701596383,1.4555249969710224,0
-2.00848444240115,-0.6867954001484311,0.45993521913936286,-0.34562043779970864,0
0.31853070182105947,-1.588980358724024,2.3667948674982426,1.1185278696537095,0
0.025856068573573587,-2.186431867934047,-1.3121013023363641,2.114271201116195,0
-1.6237436595696033,-0.3585900752144989,-0.5510143282694391,-0.2971764426604334,0
-1.4514779587544766,-0.8746890102984259,0.7803861650614762,0.0030209236374082763,0
-0.2128831187577206,-1.241804677843671,1.237903301831988,0.7765252034882488,0
-0.6470240214384384,-0.9934284688325037,0.876527962730904,0.43519179433762956,0
-0.3627258861691891,-0.9981985060023558,0.5241867858679891,0.6194353363503651,0
-2.5633423666822512,0.4445179340055818,-2.6401371659256183,-1.0498945216262565,0
-0.29935896067577183,-0.5990806914929816,-0.6439137467994023,0.49452007372197476,0
-0.7242221084346567,-0.7193908222790846,0.10942547962916616,0.29182876930235874,0
-0.7941678492779116,-0.6618643190539324,-0.500391827267243,0.3125517241581766,1
-0.7566377061529034,-0.7640468124044304,4.959801345227888e-05,0.33445909216138575,0
0.9457854461845768,-0.7951208702098045,0.6024238262599209,0.9932904233361859,1
-0.8216308299048973,-1.4965350916946911,-1.197034492983559,1.1358731494170007,0
-1.843415759251058,0.6763327036699422,-0.2810506881029744,-1.3292217977038319,0
-1.7958604317913034,-1.103109636776538,1.5017919397286104,-0.0665349785958407,0
-2.3785040539484936,-0.019313728819884912,-3.0344393745722265,-0.5052443959388633,0
0.008904054092214064,-1.3722524321935807,0.7084111086649136,1.0715629521905279,0
-0.40147768297318887,-1.958676697052748,-1.309756624117754,1.7337671839143847,0
1.7252881904361606,2.2288284863878296,0.2336878204508498,-1.2211577064022463,1
-3.121886148340178,1.4404292116790498,-1.9417561183352565,-2.264362477677068,0
-0.18729692492281003,-1.7582895121606075,-0.04738698671547292,1.4449358558224903,0
-1.2491025027254143,-0.8843798245083131,1.040357409236744,0.055498214050366326,0
0.8690449671668039,-3.266385289280192,-0.5530398559625106,3.283541560368819,0
0.04076381915953253,-2.6075430471902825,-1.7368168105173054,2.554071062759818,0
-1.1621518020844417,-0.7883076262442934,-0.7963881059494818,0.3123738347600936,0
-0.7878585494154312,-1.0972963808090996,-0.7423888337498041,0.7309313092646309,0
-1.6458362372472801,-0.19900091407269827,-0.911095596538668,-0.385113464942142,0
-0.5923196770299459,-1.6927854411750283,-1.5887436834873059,1.4682484800716038,0
0.5072565823171351,-1.2840442812348842,1.1668488184054446,1.1339871457115225,0
-0.31674377525910424,-1.3897457686263954,1.734574954232047,0.7778192540127467,0
-1.9461249204348334,-1.2187359190959803,2.185479046675014,-0.14385764839389656,0
-0.7488874885276071,-0.5394668210353581,0.44383900328844006,0.07087604421989782,0
-1.0727197983976693,-0.9206410160995683,1.034976832382185,0.16343874112981333,0
-0.9182929030254356,-1.2185822135723972,-1.3062969760856575,0.8724470950292843,0
-1.174395571069018,-1.3220284289473705,-1.8691175170571135,0.9444110676583178,0
-1.4540765180524884,-0.6907026938408394,-2.0064340449641485,0.302000962206857,0
-2.307601439455537,-0.8622260347221455,1.1753540662325708,-0.4404842920626818,0
-0.02748521521528635,-1.6552814121980464,2.459358637485388,1.0118940386022146,0
0.8866233812149786,0.41891089285946737,1.732016412528294,-0.265955289357337,1
-2.6936193467614125,-0.5260765305728489,0.39129537057376784,-0.767304029815404,0
-0.18092213938303003,-1.396405429757166,1.5723469861713235,0.868616916085457,0
-1.9931124428964744,-0.23549746653354542,-1.8184104810546242,-0.35336680917144525,0
-0.1882928291141982,-1.3592851712569372,0.015903399059508327,1.089706047770382,0
0.6247710871700984,-1.4719915713653653,1.4711254170682548,1.29657351865876,0
-0.4087545426683211,-1.5165800005477035,2.095053321844011,0.7884120033468415,0
-0.42307835583878706,-1.225791972111678,0.07513652871663923,0.8638925831419674,0
0.10461381683916704,-1.0589812756980295,0.49305039505447756,0.8777494599152241,0
-0.062400498246127145,-2.574548157078889,-1.2661953054664736,2.403788087931545,0
-0.7263988891155009,-2.0113428495046355,-1.6989708332249225,1.7037578554284376,0
-0.8225622896995002,-1.3246437943809748,2.1277859912928485,0.4396289405249761,0
-2.460873876416128,0.5737643334694091,-1.8049142582088744,-1.2549689062941696,0
-1.9606221044193484,-1.1251896123017693,1.5800464700278933,-0.13112985090476162,0
-1.2924543955584673,-0.9313081509064571,0.9442653931410677,0.09320517676270057,0
-1.3453839053049363,-1.4941128923682137,2.563260439882315,0.2896344165172666,0
-0.16927020283311078,-2.224786655694567,-1.1003618934980768,2.028700888239221,0
-1.0788693983302828,-2.223930658123835,-3.5837647702124658,2.0462153014163493,0
-0.33604460847490203,-1.4747620599843558,0.25268432504705185,1.0869239185333412,0
-1.0627796137886645,-1.5990824317543084,-1.9731744856680598,1.2486105574331314,0
-0.9820865310827187,-0.7672104130886643,0.35761104607949024,0.18147962900163597,0
-0.36820117181741463,-1.6025152560648888,-0.45685167336680466,1.3002125924137768,0
0.4702279320911764,-2.737564768232902,-0.4753866281711603,2.6430356702798568,0
-1.197327796539189,-1.0027442593349525,1.2292102827027156,0.1487983773525334,0
